<nfeProc xmlns="http://www.portalfiscal.inf.br/nfe" versao="4.00"><NFe xmlns="http://www.portalfiscal.inf.br/nfe"><infNFe Id="NFe23221205578020000168550010000127451950372906" versao="4.00"><ide><cUF>23</cUF><cNF>95037290</cNF><natOp>VENDA DE MERCADORIA ADQUIRIDA OU RECEBIDA DE TERCEIROS</natOp><mod>55</mod><serie>1</serie><nNF>12745</nNF><dhEmi>2022-12-13T10:54:01-03:00</dhEmi><dhSaiEnt>2022-12-13T10:54:01-03:00</dhSaiEnt><tpNF>1</tpNF><idDest>2</idDest><cMunFG>2304400</cMunFG><tpImp>1</tpImp><tpEmis>1</tpEmis><cDV>6</cDV><tpAmb>1</tpAmb><finNFe>1</finNFe><indFinal>1</indFinal><indPres>1</indPres><procEmi>0</procEmi><verProc>11.0</verProc></ide><emit><CNPJ>05578020000168</CNPJ><xNome>OMNIELMASTER HEMOMED REPRESENTACAO COMERCIO E SERVICOS EM SA</xNome><xFant>OMNIELMASTER</xFant><enderEmit><xLgr>AV SANTOS DUMONT</xLgr><nro>304</nro><xCpl>SALA 407</xCpl><xBairro>CENTRO</xBairro><cMun>2304400</cMun><xMun>FORTALEZA</xMun><UF>CE</UF><CEP>60150160</CEP><cPais>1058</cPais><xPais>BRASIL</xPais><fone>8532684044</fone></enderEmit><IE>066902568</IE><CRT>3</CRT></emit><dest><CNPJ>11738593000104</CNPJ><xNome>MC EQUIPAMENTOS HOSPITALARES E SERVICOS LTDA</xNome><enderDest><xLgr>RUA DELMIRO GOUVEIA</xLgr><nro>1004</nro><xBairro>COROA DO MEIO</xBairro><cMun>2800308</cMun><xMun>ARACAJU</xMun><UF>SE</UF><CEP>49035810</CEP><cPais>1058</cPais><xPais>BRASIL</xPais><fone>111111111111</fone></enderDest><indIEDest>1</indIEDest><IE>271269537</IE></dest><entrega><CNPJ>11738593000104</CNPJ><xLgr>RUA DELMIRO GOUVEIA</xLgr><nro>1004</nro><xBairro>COROA DO MEIO</xBairro><cMun>2800308</cMun><xMun>ARACAJU</xMun><UF>SE</UF></entrega><det nItem="1"><prod><cProd>000020</cProd><cEAN>SEM GTIN</cEAN><xProd>CATETER D/L CVC 7FR X 20CM</xProd><NCM>90183929</NCM><CFOP>6102</CFOP><uCom>UN</uCom><qCom>30.0000</qCom><vUnCom>56.0000000000</vUnCom><vProd>1680.00</vProd><cEANTrib>SEM GTIN</cEANTrib><uTrib>UN</uTrib><qTrib>30.0000</qTrib><vUnTrib>56.0000000000</vUnTrib><indTot>1</indTot></prod><imposto><vTotTrib>70.56</vTotTrib><ICMS><ICMS40><orig>5</orig><CST>40</CST></ICMS40></ICMS><PIS><PISNT><CST>04</CST></PISNT></PIS><COFINS><COFINSNT><CST>04</CST></COFINSNT></COFINS></imposto></det><total><ICMSTot><vBC>0.00</vBC><vICMS>0.00</vICMS><vICMSDeson>0.00</vICMSDeson><vFCP>0.00</vFCP><vBCST>0.00</vBCST><vST>0.00</vST><vFCPST>0.00</vFCPST><vFCPSTRet>0.00</vFCPSTRet><vProd>1680.00</vProd><vFrete>0.00</vFrete><vSeg>0.00</vSeg><vDesc>0.00</vDesc><vII>0.00</vII><vIPI>0.00</vIPI><vIPIDevol>0.00</vIPIDevol><vPIS>0.00</vPIS><vCOFINS>0.00</vCOFINS><vOutro>0.00</vOutro><vNF>1680.00</vNF><vTotTrib>70.56</vTotTrib></ICMSTot></total><transp><modFrete>9</modFrete><vol><qVol>1</qVol><marca>BIOMEDICAL</marca></vol></transp><cobr><fat><nFat>000012745</nFat><vOrig>1680.00</vOrig><vDesc>0.00</vDesc><vLiq>1680.00</vLiq></fat><dup><nDup>001</nDup><dVenc>2023-01-12</dVenc><vDup>840.00</vDup></dup><dup><nDup>002</nDup><dVenc>2023-01-27</dVenc><vDup>840.00</vDup></dup></cobr><pag><detPag><tPag>15</tPag><vPag>840.00</vPag></detPag><detPag><tPag>15</tPag><vPag>840.00</vPag></detPag></pag><infAdic><infCpl>ISENTO DE ICMS CONF CONV 01/99</infCpl></infAdic></infNFe><Signature xmlns="http://www.w3.org/2000/09/xmldsig#"><SignedInfo><CanonicalizationMethod Algorithm="http://www.w3.org/TR/2001/REC-xml-c14n-20010315"/><SignatureMethod Algorithm="http://www.w3.org/2000/09/xmldsig#rsa-sha1"/><Reference URI="#NFe23221205578020000168550010000127451950372906"><Transforms><Transform Algorithm="http://www.w3.org/2000/09/xmldsig#enveloped-signature"/><Transform Algorithm="http://www.w3.org/TR/2001/REC-xml-c14n-20010315"/></Transforms><DigestMethod Algorithm="http://www.w3.org/2000/09/xmldsig#sha1"/><DigestValue>423JtHZUklZG3/tWSyLo22PanMk=</DigestValue></Reference></SignedInfo><SignatureValue>    SmnIiNqsfY86JOKcHwbAS5sVaKDW6RoIIEUbZpFV/KpgY60qyN44VgfLilmCKLoZzJq8VX0D    MGGqpxlNGPnuFDj3ZBG79dj8tz7fwmllSR/30Os94kJBw+hQO1vauGKEROfu4HNFhFZrTspZ    o92c6ZElxQsAeC9d7Ecaq+TVRNTPIOCgGe06s6dRL9pXhZXpSey+u0bDBWK8PUCTDmzbJxX/    95BSPalmVdB0rFleXYAoEQwslXnZC4mwdBU65eekSEjat5W664p2MrzBjcgyTasb7BDvcHa3    ck6f3XWAiqiLB+RVBO+rE50mUHU/4NwPwEunV4jCkbIXdAayUUXVvQ==  </SignatureValue><KeyInfo><X509Data><X509Certificate>          MIIIHzCCBgegAwIBAgIQO7z3Mb1V4xslgfBfGwOpsTANBgkqhkiG9w0BAQsFADB4MQswCQYD          VQQGEwJCUjETMBEGA1UEChMKSUNQLUJyYXNpbDE2MDQGA1UECxMtU2VjcmV0YXJpYSBkYSBS          ZWNlaXRhIEZlZGVyYWwgZG8gQnJhc2lsIC0gUkZCMRwwGgYDVQQDExNBQyBDZXJ0aXNpZ24g          UkZCIEc1MB4XDTIyMDkxNjExMzkzMFoXDTIzMDkxNjExMzkzMFowggEMMQswCQYDVQQGEwJC          UjETMBEGA1UECgwKSUNQLUJyYXNpbDELMAkGA1UECAwCQ0UxEjAQBgNVBAcMCUZvcnRhbGV6          YTETMBEGA1UECwwKUHJlc2VuY2lhbDEXMBUGA1UECwwOMDcyNjc0NzkwMDAxNzYxNjA0BgNV          BAsMLVNlY3JldGFyaWEgZGEgUmVjZWl0YSBGZWRlcmFsIGRvIEJyYXNpbCAtIFJGQjEWMBQG          A1UECwwNUkZCIGUtQ05QSiBBMTFJMEcGA1UEAwxAT01OSUVMTUFTVEVSIEhFTU9NRUQgUkVQ          UkVTRU5UQUNBTyBDT01FUkNJTyBFIFNFUjowNTU3ODAyMDAwMDE2ODCCASIwDQYJKoZIhvcN          AQEBBQADggEPADCCAQoCggEBAId8OisJHoXn4oJ1whtuKcRrDVoz6wQFCcW6g4zpkxBMZD4L          qOHooV9VbulgUqMTObcHoeHx4AQ9BlP74h6HuH5E/RWG2CqU/WDVht3auswAjuirvPDXPZIt          gljMDayCbcY1cvOaMiTQXcB81JDk2taxsRl3sv//RlNQjHDekZzQSk3avDarKzFHEfWg7Iw0          7LDkA9xYxiC+H3UISsGr5wZicTVvVQbeCpUUWv+skRPBEqDoKAITNDFSM4VsWO6zkGVaFVr+          zjDw5UMJO8HFZBRQZ7oroj2QLx5DzPD1pDfhHLU3T1kX4rIJ5zB//tTjfjWVCOADzg0bNmav          LexgdksCAwEAAaOCAw0wggMJMIG8BgNVHREEgbQwgbGgPwYFYEwBAwSgNgQ0MTgwNDE5NzE0          NDM1Njc2NTMyMDAwMDAwMDAwMDAwMDA4OTAxMDAxMDAwNzM5U1NQRFNDRaAeBgVgTAEDAqAV          BBNWQUxFUklBIE5FUkVTIE1PSVRBoBkGBWBMAQMDoBAEDjA1NTc4MDIwMDAwMTY4oBcGBWBM          AQMHoA4EDDAwMDAwMDAwMDAwMIEadmFsZXJpYW5lcmVzMjAxMkBnbWFpbC5jb20wCQYDVR0T          BAIwADAfBgNVHSMEGDAWgBRTfX+dvtFh0CC62p/jiacTc1jNQjB/BgNVHSAEeDB2MHQGBmBM          AQIBDDBqMGgGCCsGAQUFBwIBFlxodHRwOi8vaWNwLWJyYXNpbC5jZXJ0aXNpZ24uY29tLmJy          L3JlcG9zaXRvcmlvL2RwYy9BQ19DZXJ0aXNpZ25fUkZCL0RQQ19BQ19DZXJ0aXNpZ25fUkZC          LnBkZjCBvAYDVR0fBIG0MIGxMFegVaBThlFodHRwOi8vaWNwLWJyYXNpbC5jZXJ0aXNpZ24u          Y29tLmJyL3JlcG9zaXRvcmlvL2xjci9BQ0NlcnRpc2lnblJGQkc1L0xhdGVzdENSTC5jcmww          VqBUoFKGUGh0dHA6Ly9pY3AtYnJhc2lsLm91dHJhbGNyLmNvbS5ici9yZXBvc2l0b3Jpby9s          Y3IvQUNDZXJ0aXNpZ25SRkJHNS9MYXRlc3RDUkwuY3JsMA4GA1UdDwEB/wQEAwIF4DAdBgNV          HSUEFjAUBggrBgEFBQcDAgYIKwYBBQUHAwQwgawGCCsGAQUFBwEBBIGfMIGcMF8GCCsGAQUF          BzAChlNodHRwOi8vaWNwLWJyYXNpbC5jZXJ0aXNpZ24uY29tLmJyL3JlcG9zaXRvcmlvL2Nl          cnRpZmljYWRvcy9BQ19DZXJ0aXNpZ25fUkZCX0c1LnA3YzA5BggrBgEFBQcwAYYtaHR0cDov          L29jc3AtYWMtY2VydGlzaWduLXJmYi5jZXJ0aXNpZ24uY29tLmJyMA0GCSqGSIb3DQEBCwUA          A4ICAQByX8x60OiXt0IOxxaBfY7hlTQoH7RMcFA18oAOAS1EoxCOJo6YAPRGfqSBNMeIGXH/          ILKDsZ5zZuKXT8ZYW/PPNJFVwI8sHzsrt6Uz8vPNPT9yiW64MLfz7DFBBevXbe6aEY7AKnIA          fGSSN9R7rwaXviIsmx6lae66EeFs0b53t4EzISW6TUi7VrYxjWgOY4IwLiB9VFkYCkW2O40H          JWHpR4noNTcWN5+E2Z9UVvRomUEn1VoCdk/ZsmSUMyUnFsnYa+0yGMURuRC5Mg8+WTFQBV93          MUS1Pb8t58NBeDMfR5Xk3Bnm5TwMTBUJccQBFPgN9BUXCshQWEFFfGX/37vl9GcMZ8axK5gZ          w6dC/tqdXoDNerDfZHW0VdSqP5qE4dm8ouCEpg3wME7vGXnqcZsOmZQ6eYAjBiadoVwqu7S+          GloJRNlP6GVD7Uw+jw7g4MKRyWk+fniEN/hQJuVgDNpG24tOj/xnzHQqDeA9e/6xUqTfGN7u          xM/6n+or58fuhdIHXu5hecq0LGIZhJO1aDKZqpXraPQ0WKDUq1O8Csxp9wdBYqaKLCplKR9L          qS3Kradb7FLjHFRlLZWjrtXi6TI9Ibk48BjtOPukx8FZfqZ/Cr/0WeCEceM6zBEvmXCxriXj          eWQ40MqOCXSgpms9NvycTjtfYEnxDYajq3pXqsgMvQ==        </X509Certificate></X509Data></KeyInfo></Signature></NFe><protNFe versao="4.00" xmlns="http://www.portalfiscal.inf.br/nfe"><infProt><tpAmb>1</tpAmb><verAplic>SVRS202211111150</verAplic><chNFe>23221205578020000168550010000127451950372906</chNFe><dhRecbto>2022-12-13T11:01:13-03:00</dhRecbto><nProt>323220082510895</nProt><digVal>423JtHZUklZG3/tWSyLo22PanMk=</digVal><cStat>100</cStat><xMotivo>Autorizado o uso da NF-e</xMotivo></infProt></protNFe></nfeProc>