<nfeProc xmlns="http://www.portalfiscal.inf.br/nfe" versao="4.00"><NFe xmlns="http://www.portalfiscal.inf.br/nfe"><infNFe Id="NFe35221207411308000179550010000112231090137744" versao="4.00"><ide><cUF>35</cUF><cNF>09013774</cNF><natOp>VENDA (SUBST TRIB)</natOp><mod>55</mod><serie>1</serie><nNF>11223</nNF><dhEmi>2022-12-01T10:20:31-03:00</dhEmi><dhSaiEnt>2022-12-01T10:20:31-03:00</dhSaiEnt><tpNF>1</tpNF><idDest>2</idDest><cMunFG>3531209</cMunFG><tpImp>1</tpImp><tpEmis>1</tpEmis><cDV>4</cDV><tpAmb>1</tpAmb><finNFe>1</finNFe><indFinal>0</indFinal><indPres>9</indPres><indIntermed>0</indIntermed><procEmi>0</procEmi><verProc>DGPRAM 4.00</verProc></ide><emit><CNPJ>07411308000179</CNPJ><xNome>AC VENT IND ELETROMECANICA LTDA</xNome><enderEmit><xLgr>ESTRADA MUNICIPAL MAS-03</xLgr><nro>5045</nro><xCpl>CX POSTAL 11</xCpl><xBairro>FALCAO</xBairro><cMun>3531209</cMun><xMun>MONTE ALEGRE DO SUL</xMun><UF>SP</UF><CEP>13820000</CEP><cPais>1058</cPais><xPais>BRASIL</xPais><fone>1938991950</fone></enderEmit><IE>460059422119</IE><CRT>3</CRT></emit><dest><CNPJ>15066244000144</CNPJ><xNome>JOSAFA ALVES DOS SANTOS FERRAGENS EIRELLI</xNome><enderDest><xLgr>AVENIDA AUGUSTO FRANCO, 1606</xLgr><nro>.</nro><xBairro>SIQUEIRA CAMPOS</xBairro><cMun>2800308</cMun><xMun>ARACAJU</xMun><UF>SE</UF><CEP>49075100</CEP><cPais>1058</cPais><xPais>BRASIL</xPais><fone>7932591640</fone></enderDest><indIEDest>1</indIEDest><IE>270712631</IE></dest><det nItem="1"><prod><cProd>3001 E</cProd><cEAN>7898928900303</cEAN><xProd>GRELHA C/ SUPORTE ESCOVADO 10 X 100 CM</xProd><NCM>76169900</NCM><CEST>1007300</CEST><CFOP>6401</CFOP><uCom>PC</uCom><qCom>30.0000</qCom><vUnCom>55.714</vUnCom><vProd>1671.42</vProd><cEANTrib>7898928900303</cEANTrib><uTrib>PC</uTrib><qTrib>30.0000</qTrib><vUnTrib>55.714</vUnTrib><indTot>1</indTot></prod><imposto><vTotTrib>0.00</vTotTrib><ICMS><ICMS10><orig>0</orig><CST>10</CST><modBC>3</modBC><vBC>1671.42</vBC><pICMS>7.00</pICMS><vICMS>117.00</vICMS><modBCST>5</modBCST><pMVAST>55.38</pMVAST><pRedBCST>0.00</pRedBCST><vBCST>2681.45</vBCST><pICMSST>18.00</pICMSST><vICMSST>365.66</vICMSST></ICMS10></ICMS><IPI><CNPJProd>07411308000179</CNPJProd><qSelo>0</qSelo><cEnq>999</cEnq><IPITrib><CST>50</CST><vBC>1671.42</vBC><pIPI>3.25</pIPI><vIPI>54.32</vIPI></IPITrib></IPI><PIS><PISAliq><CST>01</CST><vBC>1554.42</vBC><pPIS>0.65</pPIS><vPIS>10.10</vPIS></PISAliq></PIS><COFINS><COFINSAliq><CST>01</CST><vBC>1554.42</vBC><pCOFINS>3.00</pCOFINS><vCOFINS>46.63</vCOFINS></COFINSAliq></COFINS></imposto><infAdProd>EAN: 7898928900303 -[BC ICMS ST: R$ 2.681,45 ICMS ST: R$ 365,66]</infAdProd></det><det nItem="2"><prod><cProd>3000 E</cProd><cEAN>7898928900211</cEAN><xProd>GRELHA C/ SUPORTE ESCOVADO 10 X 50 CM</xProd><NCM>76169900</NCM><CEST>1007300</CEST><CFOP>6401</CFOP><uCom>PC</uCom><qCom>15.0000</qCom><vUnCom>28.656</vUnCom><vProd>429.84</vProd><cEANTrib>7898928900211</cEANTrib><uTrib>PC</uTrib><qTrib>15.0000</qTrib><vUnTrib>28.656</vUnTrib><indTot>1</indTot></prod><imposto><vTotTrib>0.00</vTotTrib><ICMS><ICMS10><orig>0</orig><CST>10</CST><modBC>3</modBC><vBC>429.84</vBC><pICMS>7.00</pICMS><vICMS>30.09</vICMS><modBCST>5</modBCST><pMVAST>55.38</pMVAST><pRedBCST>0.00</pRedBCST><vBCST>689.59</vBCST><pICMSST>18.00</pICMSST><vICMSST>94.04</vICMSST></ICMS10></ICMS><IPI><CNPJProd>07411308000179</CNPJProd><qSelo>0</qSelo><cEnq>999</cEnq><IPITrib><CST>50</CST><vBC>429.84</vBC><pIPI>3.25</pIPI><vIPI>13.97</vIPI></IPITrib></IPI><PIS><PISAliq><CST>01</CST><vBC>399.75</vBC><pPIS>0.65</pPIS><vPIS>2.60</vPIS></PISAliq></PIS><COFINS><COFINSAliq><CST>01</CST><vBC>399.75</vBC><pCOFINS>3.00</pCOFINS><vCOFINS>11.99</vCOFINS></COFINSAliq></COFINS></imposto><infAdProd>EAN: 7898928900211 -[BC ICMS ST: R$ 689,59 ICMS ST: R$ 94,04]</infAdProd></det><det nItem="3"><prod><cProd>3005 E</cProd><cEAN>7898928900662</cEAN><xProd>GRELHA C/ SUPORTE ESCOVADO 20 X 100 CM</xProd><NCM>76169900</NCM><CEST>1007300</CEST><CFOP>6401</CFOP><uCom>PC</uCom><qCom>20.0000</qCom><vUnCom>81.793</vUnCom><vProd>1635.86</vProd><cEANTrib>7898928900662</cEANTrib><uTrib>PC</uTrib><qTrib>20.0000</qTrib><vUnTrib>81.793</vUnTrib><indTot>1</indTot></prod><imposto><vTotTrib>0.00</vTotTrib><ICMS><ICMS10><orig>0</orig><CST>10</CST><modBC>3</modBC><vBC>1635.86</vBC><pICMS>7.00</pICMS><vICMS>114.51</vICMS><modBCST>5</modBCST><pMVAST>55.38</pMVAST><pRedBCST>0.00</pRedBCST><vBCST>2624.41</vBCST><pICMSST>18.00</pICMSST><vICMSST>357.88</vICMSST></ICMS10></ICMS><IPI><CNPJProd>07411308000179</CNPJProd><qSelo>0</qSelo><cEnq>999</cEnq><IPITrib><CST>50</CST><vBC>1635.86</vBC><pIPI>3.25</pIPI><vIPI>53.17</vIPI></IPITrib></IPI><PIS><PISAliq><CST>01</CST><vBC>1521.35</vBC><pPIS>0.65</pPIS><vPIS>9.89</vPIS></PISAliq></PIS><COFINS><COFINSAliq><CST>01</CST><vBC>1521.35</vBC><pCOFINS>3.00</pCOFINS><vCOFINS>45.64</vCOFINS></COFINSAliq></COFINS></imposto><infAdProd>EAN: 7898928900662 -[BC ICMS ST: R$ 2.624,41 ICMS ST: R$ 357,88]</infAdProd></det><det nItem="4"><prod><cProd>3004 E</cProd><cEAN>7898928900570</cEAN><xProd>GRELHA C/ SUPORTE ESCOVADO 20 X 50 CM</xProd><NCM>76169900</NCM><CEST>1007300</CEST><CFOP>6401</CFOP><uCom>PC</uCom><qCom>15.0000</qCom><vUnCom>42.675</vUnCom><vProd>640.13</vProd><cEANTrib>7898928900570</cEANTrib><uTrib>PC</uTrib><qTrib>15.0000</qTrib><vUnTrib>42.675</vUnTrib><indTot>1</indTot></prod><imposto><vTotTrib>0.00</vTotTrib><ICMS><ICMS10><orig>0</orig><CST>10</CST><modBC>3</modBC><vBC>640.13</vBC><pICMS>7.00</pICMS><vICMS>44.81</vICMS><modBCST>5</modBCST><pMVAST>55.38</pMVAST><pRedBCST>0.00</pRedBCST><vBCST>1026.95</vBCST><pICMSST>18.00</pICMSST><vICMSST>140.04</vICMSST></ICMS10></ICMS><IPI><CNPJProd>07411308000179</CNPJProd><qSelo>0</qSelo><cEnq>999</cEnq><IPITrib><CST>50</CST><vBC>640.13</vBC><pIPI>3.25</pIPI><vIPI>20.80</vIPI></IPITrib></IPI><PIS><PISAliq><CST>01</CST><vBC>595.32</vBC><pPIS>0.65</pPIS><vPIS>3.87</vPIS></PISAliq></PIS><COFINS><COFINSAliq><CST>01</CST><vBC>595.32</vBC><pCOFINS>3.00</pCOFINS><vCOFINS>17.86</vCOFINS></COFINSAliq></COFINS></imposto><infAdProd>EAN: 7898928900570 -[BC ICMS ST: R$ 1.026,95 ICMS ST: R$ 140,04]</infAdProd></det><total><ICMSTot><vBC>4377.25</vBC><vICMS>306.41</vICMS><vICMSDeson>0.00</vICMSDeson><vFCPUFDest>0.00</vFCPUFDest><vICMSUFDest>0.00</vICMSUFDest><vICMSUFRemet>0.00</vICMSUFRemet><vFCP>0.00</vFCP><vBCST>7022.40</vBCST><vST>957.62</vST><vFCPST>0.00</vFCPST><vFCPSTRet>0.00</vFCPSTRet><vProd>4377.25</vProd><vFrete>0.00</vFrete><vSeg>0.00</vSeg><vDesc>0.00</vDesc><vII>0.00</vII><vIPI>142.26</vIPI><vIPIDevol>0.00</vIPIDevol><vPIS>26.46</vPIS><vCOFINS>122.12</vCOFINS><vOutro>0.00</vOutro><vNF>5477.13</vNF><vTotTrib>0.00</vTotTrib></ICMSTot></total><transp><modFrete>0</modFrete><transporta><CNPJ>57634677000107</CNPJ><xNome>TRANSPORTE ITAPIRENSE BERTINI LTDA</xNome><IE>374005922110</IE><xEnder>RUA PEDRO OSWALDO BERTINI, 500 ACESSO ROD SP 147, KM 45 S/N</xEnder><xMun>ITAPIRA</xMun><UF>SP</UF></transporta><vol><qVol>8</qVol><esp>CAIXA(S)</esp><marca>AC</marca><nVol>11223</nVol><pesoL>108.855</pesoL><pesoB>112.055</pesoB></vol></transp><cobr><fat><nFat>11223</nFat><vOrig>5477.13</vOrig><vDesc>0.00</vDesc><vLiq>5477.13</vLiq></fat><dup><nDup>001</nDup><dVenc>2022-12-29</dVenc><vDup>1825.71</vDup></dup><dup><nDup>002</nDup><dVenc>2023-01-26</dVenc><vDup>1825.71</vDup></dup><dup><nDup>003</nDup><dVenc>2023-02-23</dVenc><vDup>1825.71</vDup></dup></cobr><pag><detPag><tPag>15</tPag><vPag>5477.13</vPag></detPag></pag><infAdic><infCpl>Redespacho: E G MATERIAL ELETRICO LTDA - RUA PIRACURA, 204 - JARDIM FATIMA - GUARULHOS - SP - (Frete por conta do destinatario) - - O BOLETO/DDA SERA COBRADA PELA REDE BANCARIA E ENVIADO POR E-MAIL CASO NAO RECEBA FAVOR ENTRAR EM CONTATO C/DEPTO COBRANCA E-MAIL financeiro.acvent@gmail.com ou WHATSAPP (19) 99997 7318, CASO CONTRARIO HAVERA COBRANCA DE JUROS. NAO ACEITAMOS RECLAMACOES APOS 48 HS. DEVOLUCAO SOMENTE COM A AUTORIZACAO DE NOSSA EMPRESA. [ORDEM COMPRA NR. S/No. COMPRADOR: JOSAFA/HEDILAYNE]</infCpl></infAdic></infNFe><Signature xmlns="http://www.w3.org/2000/09/xmldsig#"><SignedInfo><CanonicalizationMethod Algorithm="http://www.w3.org/TR/2001/REC-xml-c14n-20010315"/><SignatureMethod Algorithm="http://www.w3.org/2000/09/xmldsig#rsa-sha1"/><Reference URI="#NFe35221207411308000179550010000112231090137744"><Transforms><Transform Algorithm="http://www.w3.org/2000/09/xmldsig#enveloped-signature"/><Transform Algorithm="http://www.w3.org/TR/2001/REC-xml-c14n-20010315"/></Transforms><DigestMethod Algorithm="http://www.w3.org/2000/09/xmldsig#sha1"/><DigestValue>Sj+mVeUj87u1pYyuMWJSgl/XdJM=</DigestValue></Reference></SignedInfo><SignatureValue>WXnNq2AveMXk2CYVNud1qQivw4QZ8dy/GzCM3QBbYwPsbms1TAxByPfTpyiqxlkVg494k7th    f2Unrq0Fj6WQQkYdTPpPKO5G+dUNPKwX3ww+AJkCQN6//7IsAC35LkBSKCfyvJIcdVVl1UF9    UmhLfIte8XyTP+0I/V8lBmpsRXOciuxck6cyavC0BVKu0XEckl1wjkzXoUR1SmGMQ5eikRHb    MT/EAs73P0R7oO7P18lw3nyHaa2RmzUC9hbzUPboUFEh4x9CX0xAHK2U0ZtSZxQmKut8ttGA    ihbpGScO8iP7C5csC7IEnI7vhRFUrpVFg2e3GIy4+HMzIO9tKn6fpg==  </SignatureValue><KeyInfo><X509Data><X509Certificate>MIIIIzCCBgugAwIBAgIQfYtYkslhBdnm4iCzWmWR5DANBgkqhkiG9w0BAQsFADB4MQswCQYD          VQQGEwJCUjETMBEGA1UEChMKSUNQLUJyYXNpbDE2MDQGA1UECxMtU2VjcmV0YXJpYSBkYSBS          ZWNlaXRhIEZlZGVyYWwgZG8gQnJhc2lsIC0gUkZCMRwwGgYDVQQDExNBQyBDZXJ0aXNpZ24g          UkZCIEc1MB4XDTIyMDMyODE1MzQxMFoXDTIzMDMyODE1MzQxMFowggEQMQswCQYDVQQGEwJC          UjETMBEGA1UECgwKSUNQLUJyYXNpbDELMAkGA1UECAwCU1AxHDAaBgNVBAcME01vbnRlIEFs          ZWdyZSBkbyBTdWwxGTAXBgNVBAsMEFZpZGVvQ29uZmVyZW5jaWExFzAVBgNVBAsMDjA3ODk4          NTE4MDAwMTMzMTYwNAYDVQQLDC1TZWNyZXRhcmlhIGRhIFJlY2VpdGEgRmVkZXJhbCBkbyBC          cmFzaWwgLSBSRkIxFjAUBgNVBAsMDVJGQiBlLUNOUEogQTExPTA7BgNVBAMMNEFDIFZFTlQg          SU5EVVNUUklBIEVMRVRST01FQ0FOSUNBIExUREE6MDc0MTEzMDgwMDAxNzkwggEiMA0GCSqG          SIb3DQEBAQUAA4IBDwAwggEKAoIBAQCVPI6Rs0lE+ArfGoifh9T4j9K1i7jeofIWM3zaN/iT          k9UTXyTUYPcKNFrpxKtDZ0QnH+vTNUSbWKZ5ffT2ECsjyFyZRgCfaiFY7DPkVYJywmQKdaO4          n8gpJy2AgOO8CnLLkbkAVaph5VAhphAQTn8wAYjchTffM+tX2BhSNUlk8dZSSmN4gJiH9X08          3skAZaLy1dTvNitqR89M+PA0JkW2+0AW40HOaggdQvjKgGC+2nlFksI7HX7jNwXw+8Mbdtvt          Cph70vUYLzOviT/34BzVFsFPOasZc+lc7to3C2ygke7pYpY/V95PKY7l/L+EGP6ejERxbkMx          Pbj1sivyjB8PAgMBAAGjggMNMIIDCTCBvAYDVR0RBIG0MIGxoD0GBWBMAQMEoDQEMjAyMDkx          OTkzMzg5Mzc0NDI4MjUwMDAwMDAwMDAwMDAwMDAwMDA0ODk1OTU5NVNTUFNQoB8GBWBMAQMC          oBYEFEpBSU5FIE1PUkFFUyBGRVJNSU5PoBkGBWBMAQMDoBAEDjA3NDExMzA4MDAwMTc5oBcG          BWBMAQMHoA4EDDAwMDAwMDAwMDAwMIEbRklOQU5DRUlSTy5BQ1ZFTlRAR01BSUwuQ09NMAkG          A1UdEwQCMAAwHwYDVR0jBBgwFoAUU31/nb7RYdAgutqf44mnE3NYzUIwfwYDVR0gBHgwdjB0          BgZgTAECAQwwajBoBggrBgEFBQcCARZcaHR0cDovL2ljcC1icmFzaWwuY2VydGlzaWduLmNv          bS5ici9yZXBvc2l0b3Jpby9kcGMvQUNfQ2VydGlzaWduX1JGQi9EUENfQUNfQ2VydGlzaWdu          X1JGQi5wZGYwgbwGA1UdHwSBtDCBsTBXoFWgU4ZRaHR0cDovL2ljcC1icmFzaWwuY2VydGlz          aWduLmNvbS5ici9yZXBvc2l0b3Jpby9sY3IvQUNDZXJ0aXNpZ25SRkJHNS9MYXRlc3RDUkwu          Y3JsMFagVKBShlBodHRwOi8vaWNwLWJyYXNpbC5vdXRyYWxjci5jb20uYnIvcmVwb3NpdG9y          aW8vbGNyL0FDQ2VydGlzaWduUkZCRzUvTGF0ZXN0Q1JMLmNybDAOBgNVHQ8BAf8EBAMCBeAw          HQYDVR0lBBYwFAYIKwYBBQUHAwIGCCsGAQUFBwMEMIGsBggrBgEFBQcBAQSBnzCBnDBfBggr          BgEFBQcwAoZTaHR0cDovL2ljcC1icmFzaWwuY2VydGlzaWduLmNvbS5ici9yZXBvc2l0b3Jp          by9jZXJ0aWZpY2Fkb3MvQUNfQ2VydGlzaWduX1JGQl9HNS5wN2MwOQYIKwYBBQUHMAGGLWh0          dHA6Ly9vY3NwLWFjLWNlcnRpc2lnbi1yZmIuY2VydGlzaWduLmNvbS5icjANBgkqhkiG9w0B          AQsFAAOCAgEAKJFzxrt13p8hmDUIgUl/jftfcAowA1Cxqf8yDh+wf0yK/DTYTn7qXX8g/f1P          zA/ex4Fpn1afsJcqLmH6VEHVOa9cKOoZx0FJd7GCFM2EpwBH2Y0V2ja9zSKq/+3AKWOqLv6C          3A2XnXoJ4PFlPrTOO3Vsotv+ywQ6mXL1rfTF8EN+fhgNnT1XTFHeGW1BMs2v4LD8DwLeROuC          miaiSmi8l0ZhfYRVw1uuZgRTtBVp5TL8cVVh4jGKtMPDxQp9Qf1u8Dk93TYOEoCfw/PWz9mn          d21ZwX0WDwvY/9RLcsCfJV0mZuuUfTbvmnbdO25VsSbSankLTu627rHsOpA5Vc6w3bK3dr+R          kksFh0EEbifdC7Ak0CNLvM8ojcTiUB9DXZ9DRRR5MLYVsY/1w4od3tktZDF0gnsJfZmK1ajl          uSSt+gL1B2cKfTyqPvXYsQ+imJAuG/oGDy4v1CgNSko4Upz6lk7f1lKtwK8ufB7lOpbS13ph          IZEfSKkNIzySVwIP39lfeGf7v0jVbvQ2Flwvx/FsiSegrxFbrEv4VI3XJj5AE6pSALZuK/G3          Pk4XFfgB/Rjn3LD2jJJcqubM3ZzY6FlmnCa678UFSG3JzetaaYsbqtDYNRBrEjDgFMJRxYX6          QsVNVLLZaG906qKbJDDlppsquIpN86B/1LprPwK2INfPXJA=        </X509Certificate></X509Data></KeyInfo></Signature></NFe><protNFe versao="4.00"><infProt Id="Id135221674946731"><tpAmb>1</tpAmb><verAplic>SP_NFE_PL009_V4</verAplic><chNFe>35221207411308000179550010000112231090137744</chNFe><dhRecbto>2022-12-01T10:20:50-03:00</dhRecbto><nProt>135221674946731</nProt><digVal>Sj+mVeUj87u1pYyuMWJSgl/XdJM=</digVal><cStat>100</cStat><xMotivo>Autorizado o uso da NF-e</xMotivo></infProt></protNFe></nfeProc>